images(22),Woman
images(21),Woman
images(20),Woman
images(19),Woman
images(18),Woman
images(17),Woman
images(16),Woman
images(15),Woman
images(14),Woman
images(13),Woman
images(12),Woman
images(11),Woman
images(10),Woman
images(9),Woman
images(8),Woman
images(7),Woman
images(6),Woman
images(5),Woman
images(4),Woman
download(30),Woman
download(29),Woman
download(28),Woman
download(26),Woman
download(25),Woman
download(24),Woman
download(23),Woman
download(22),Woman
images(3),Man
images(2),Man
images(1),Man
images,Man
download(21),Man
download(20),Man
download(19),Man
download(18),Man
download(17),Man
download(16),Man
download(14),Man
download(13),Man
download(12),Man
download(11),Man
download(10),Man
download(9),Man
download(8),Man
download(7),Man
download(6),Man
download(5),Man
download(4),Man
download(3),Man
download(2),Man
download(1),Man
download,Man